Temperature (°C),Humidity (%),Pathogen Growth (%)
25.618102,51.257167,21.050791
34.260715,75.456416,7.103499
30.979909,62.574239,9.040718
28.979877,70.342828,27.463855
22.34028,86.302659,20.160726

